--
-- PostgreSQL database dump
--

SET statement_timeout = 0;
SET lock_timeout = 0;
SET client_encoding = 'UTF8';
SET standard_conforming_strings = on;
SET check_function_bodies = false;
SET client_min_messages = warning;

SET search_path = public, pg_catalog;

--
-- Data for Name: activities; Type: TABLE DATA; Schema: public; Owner: postgres
--

COPY activities (id, description, points_done, points_total, created, modified) FROM stdin;
64f18da4-a246-4f35-a076-4e2b0b29a443	Reading Go book and doing exercises	1	13	2015-12-18 18:08:55.134495	2016-01-08 18:28:26.360819
75e8c5be-280b-4ddd-b1f8-4894d1512b64	Reading Italian study book and doing exercises	2	15	2015-12-18 18:08:55.142906	2016-01-08 18:28:26.360819
c1921d42-6697-4607-9655-4899c9ededf4	Reading Dolomiti 500 word book and write down new words	12	12	2015-12-18 18:08:55.14615	2016-01-08 18:28:26.360819
afd23e62-894a-42b5-9e50-efafe7d5ce57	Doing the Matasano crypto challanges	3	48	2015-12-23 11:35:21.569485	2016-01-08 18:28:26.360819
\.


--
-- Data for Name: habit; Type: TABLE DATA; Schema: public; Owner: postgres
--

COPY habit (id, description, points, period, start, created, modified) FROM stdin;
87eef176-7df8-4035-88f7-a152d553887e	Do push ups	2	week	2016-02-08	2016-02-09 17:33:05.812546	2016-02-09 17:33:05.812546
01a985c1-7c7f-4ddc-afc8-37343b1c7a0b	Jogging	2	week	2016-02-08	2016-02-09 17:33:36.785954	2016-02-09 17:33:36.785954
274f3d09-b346-425a-9d32-4eca390ae067	Lift weights	4	week	2016-02-08	2016-02-09 17:34:09.908544	2016-02-09 17:34:09.908544
84100461-2c09-4a22-a952-ba860e5b6314	Learn new Italian nouns	5	week	2016-02-08	2016-02-09 17:31:27.015265	2016-02-09 17:36:11.437566
416acda4-bc8e-4eba-a195-26252e4e0717	Read books	50	week	2016-02-08	2016-02-09 17:32:15.917207	2016-02-09 17:36:41.292856
21e885a7-716a-4556-916a-a7b2727cfb5f	Learn to conjugate new Italian verbs	2	week	2016-02-08	2016-02-09 17:32:33.765288	2016-02-09 17:37:15.455503
\.


--
-- Data for Name: habit_progress; Type: TABLE DATA; Schema: public; Owner: postgres
--

COPY habit_progress (habit_id, delta, created) FROM stdin;
84100461-2c09-4a22-a952-ba860e5b6314	1	2016-02-09 17:31:36.380105
21e885a7-716a-4556-916a-a7b2727cfb5f	1	2016-02-09 17:53:20.652547
416acda4-bc8e-4eba-a195-26252e4e0717	1	2016-02-11 16:41:39.111931
416acda4-bc8e-4eba-a195-26252e4e0717	1	2016-02-11 16:41:39.274134
416acda4-bc8e-4eba-a195-26252e4e0717	1	2016-02-11 16:41:39.427445
416acda4-bc8e-4eba-a195-26252e4e0717	1	2016-02-11 16:41:39.591214
416acda4-bc8e-4eba-a195-26252e4e0717	1	2016-02-11 16:41:39.736789
416acda4-bc8e-4eba-a195-26252e4e0717	1	2016-02-11 16:41:39.874077
416acda4-bc8e-4eba-a195-26252e4e0717	1	2016-02-11 16:41:40.16236
416acda4-bc8e-4eba-a195-26252e4e0717	1	2016-02-11 16:41:40.306861
416acda4-bc8e-4eba-a195-26252e4e0717	1	2016-02-11 16:41:40.445784
416acda4-bc8e-4eba-a195-26252e4e0717	1	2016-02-11 16:41:40.598353
416acda4-bc8e-4eba-a195-26252e4e0717	1	2016-02-11 16:41:40.859972
416acda4-bc8e-4eba-a195-26252e4e0717	1	2016-02-11 16:41:41.007691
416acda4-bc8e-4eba-a195-26252e4e0717	1	2016-02-11 16:41:41.150663
416acda4-bc8e-4eba-a195-26252e4e0717	1	2016-02-11 16:41:41.304698
416acda4-bc8e-4eba-a195-26252e4e0717	1	2016-02-11 16:41:41.436317
84100461-2c09-4a22-a952-ba860e5b6314	1	2016-02-12 20:25:27.634023
84100461-2c09-4a22-a952-ba860e5b6314	1	2016-02-12 20:25:28.034511
416acda4-bc8e-4eba-a195-26252e4e0717	1	2016-02-14 13:41:15.040877
416acda4-bc8e-4eba-a195-26252e4e0717	1	2016-02-14 13:41:15.209038
416acda4-bc8e-4eba-a195-26252e4e0717	1	2016-02-14 13:41:15.379112
416acda4-bc8e-4eba-a195-26252e4e0717	1	2016-02-14 13:41:15.504486
416acda4-bc8e-4eba-a195-26252e4e0717	1	2016-02-14 13:41:15.670011
416acda4-bc8e-4eba-a195-26252e4e0717	1	2016-02-14 13:41:15.841565
416acda4-bc8e-4eba-a195-26252e4e0717	1	2016-02-14 13:41:15.966626
416acda4-bc8e-4eba-a195-26252e4e0717	1	2016-02-14 13:41:16.134878
416acda4-bc8e-4eba-a195-26252e4e0717	1	2016-02-14 13:41:16.301522
416acda4-bc8e-4eba-a195-26252e4e0717	1	2016-02-14 13:41:16.427455
416acda4-bc8e-4eba-a195-26252e4e0717	1	2016-02-14 13:41:16.595242
416acda4-bc8e-4eba-a195-26252e4e0717	1	2016-02-14 13:41:16.638552
416acda4-bc8e-4eba-a195-26252e4e0717	1	2016-02-14 13:41:16.785209
416acda4-bc8e-4eba-a195-26252e4e0717	1	2016-02-14 13:41:16.947603
416acda4-bc8e-4eba-a195-26252e4e0717	1	2016-02-14 13:41:17.128596
416acda4-bc8e-4eba-a195-26252e4e0717	1	2016-02-14 13:41:17.301875
84100461-2c09-4a22-a952-ba860e5b6314	1	2016-02-14 13:41:21.149065
84100461-2c09-4a22-a952-ba860e5b6314	1	2016-02-14 13:41:21.908574
21e885a7-716a-4556-916a-a7b2727cfb5f	1	2016-02-14 13:41:23.09137
416acda4-bc8e-4eba-a195-26252e4e0717	1	2016-02-14 22:25:58.230719
416acda4-bc8e-4eba-a195-26252e4e0717	1	2016-02-14 22:25:59.233161
416acda4-bc8e-4eba-a195-26252e4e0717	1	2016-02-14 22:26:00.233085
416acda4-bc8e-4eba-a195-26252e4e0717	1	2016-02-14 22:26:06.257266
416acda4-bc8e-4eba-a195-26252e4e0717	1	2016-02-14 22:26:07.83783
416acda4-bc8e-4eba-a195-26252e4e0717	1	2016-02-14 22:26:08.901123
416acda4-bc8e-4eba-a195-26252e4e0717	1	2016-02-14 22:26:10.621784
416acda4-bc8e-4eba-a195-26252e4e0717	1	2016-02-14 22:26:11.704088
416acda4-bc8e-4eba-a195-26252e4e0717	1	2016-02-14 22:26:12.456475
416acda4-bc8e-4eba-a195-26252e4e0717	1	2016-02-14 22:26:13.102148
416acda4-bc8e-4eba-a195-26252e4e0717	1	2016-02-14 22:26:13.703034
416acda4-bc8e-4eba-a195-26252e4e0717	1	2016-02-14 22:26:14.304213
416acda4-bc8e-4eba-a195-26252e4e0717	1	2016-02-14 22:26:14.874225
416acda4-bc8e-4eba-a195-26252e4e0717	1	2016-02-14 22:26:15.611076
416acda4-bc8e-4eba-a195-26252e4e0717	1	2016-02-14 22:26:16.377584
416acda4-bc8e-4eba-a195-26252e4e0717	1	2016-02-14 22:26:17.028642
416acda4-bc8e-4eba-a195-26252e4e0717	1	2016-02-14 22:26:17.602181
416acda4-bc8e-4eba-a195-26252e4e0717	1	2016-02-14 22:26:18.239661
416acda4-bc8e-4eba-a195-26252e4e0717	1	2016-02-14 22:26:21.243663
87eef176-7df8-4035-88f7-a152d553887e	1	2016-02-15 17:52:18.041317
416acda4-bc8e-4eba-a195-26252e4e0717	1	2016-02-15 22:32:28.448381
416acda4-bc8e-4eba-a195-26252e4e0717	1	2016-02-15 22:32:32.3618
416acda4-bc8e-4eba-a195-26252e4e0717	1	2016-02-15 22:32:34.209937
416acda4-bc8e-4eba-a195-26252e4e0717	1	2016-02-15 22:32:34.89934
416acda4-bc8e-4eba-a195-26252e4e0717	1	2016-02-15 22:32:35.864028
416acda4-bc8e-4eba-a195-26252e4e0717	1	2016-02-15 22:32:36.798607
416acda4-bc8e-4eba-a195-26252e4e0717	1	2016-02-15 22:32:38.238805
416acda4-bc8e-4eba-a195-26252e4e0717	1	2016-02-15 22:32:40.743616
416acda4-bc8e-4eba-a195-26252e4e0717	1	2016-02-15 22:32:41.803717
416acda4-bc8e-4eba-a195-26252e4e0717	1	2016-02-15 22:32:43.54131
416acda4-bc8e-4eba-a195-26252e4e0717	1	2016-02-18 09:20:15.216929
416acda4-bc8e-4eba-a195-26252e4e0717	1	2016-02-18 09:20:15.35894
416acda4-bc8e-4eba-a195-26252e4e0717	1	2016-02-18 09:20:15.514892
416acda4-bc8e-4eba-a195-26252e4e0717	1	2016-02-18 09:20:15.657727
416acda4-bc8e-4eba-a195-26252e4e0717	1	2016-02-18 09:20:15.785406
416acda4-bc8e-4eba-a195-26252e4e0717	1	2016-02-18 09:20:15.941747
416acda4-bc8e-4eba-a195-26252e4e0717	1	2016-02-18 09:20:16.081594
416acda4-bc8e-4eba-a195-26252e4e0717	1	2016-02-18 09:20:16.230033
416acda4-bc8e-4eba-a195-26252e4e0717	1	2016-02-18 09:20:16.387021
416acda4-bc8e-4eba-a195-26252e4e0717	1	2016-02-18 09:20:16.52766
416acda4-bc8e-4eba-a195-26252e4e0717	1	2016-02-18 09:20:18.574908
416acda4-bc8e-4eba-a195-26252e4e0717	1	2016-02-18 09:20:18.72649
416acda4-bc8e-4eba-a195-26252e4e0717	1	2016-02-18 09:20:18.88994
416acda4-bc8e-4eba-a195-26252e4e0717	1	2016-02-18 09:20:19.508353
416acda4-bc8e-4eba-a195-26252e4e0717	1	2016-02-18 09:20:19.898096
274f3d09-b346-425a-9d32-4eca390ae067	1	2016-02-18 15:25:14.001798
84100461-2c09-4a22-a952-ba860e5b6314	1	2016-02-19 09:56:19.34661
21e885a7-716a-4556-916a-a7b2727cfb5f	1	2016-02-19 11:58:58.839257
274f3d09-b346-425a-9d32-4eca390ae067	1	2016-02-22 14:34:38.39793
84100461-2c09-4a22-a952-ba860e5b6314	1	2016-02-22 17:49:58.110261
416acda4-bc8e-4eba-a195-26252e4e0717	1	2016-02-23 10:58:49.280274
416acda4-bc8e-4eba-a195-26252e4e0717	1	2016-02-23 10:58:49.438892
416acda4-bc8e-4eba-a195-26252e4e0717	1	2016-02-23 10:58:49.576359
416acda4-bc8e-4eba-a195-26252e4e0717	1	2016-02-23 10:58:49.723119
416acda4-bc8e-4eba-a195-26252e4e0717	1	2016-02-23 10:58:49.867783
416acda4-bc8e-4eba-a195-26252e4e0717	1	2016-02-23 10:58:50.024453
416acda4-bc8e-4eba-a195-26252e4e0717	1	2016-02-23 10:58:50.16741
416acda4-bc8e-4eba-a195-26252e4e0717	1	2016-02-23 10:58:50.788192
416acda4-bc8e-4eba-a195-26252e4e0717	1	2016-02-23 10:58:50.923547
416acda4-bc8e-4eba-a195-26252e4e0717	1	2016-02-23 10:58:51.076118
416acda4-bc8e-4eba-a195-26252e4e0717	1	2016-02-23 10:58:51.231598
416acda4-bc8e-4eba-a195-26252e4e0717	1	2016-02-23 10:58:51.367272
416acda4-bc8e-4eba-a195-26252e4e0717	1	2016-02-23 10:58:51.513729
416acda4-bc8e-4eba-a195-26252e4e0717	1	2016-02-23 10:58:51.666493
416acda4-bc8e-4eba-a195-26252e4e0717	1	2016-02-23 10:58:51.803941
416acda4-bc8e-4eba-a195-26252e4e0717	1	2016-02-23 10:58:53.735012
416acda4-bc8e-4eba-a195-26252e4e0717	1	2016-02-23 10:58:53.89872
416acda4-bc8e-4eba-a195-26252e4e0717	1	2016-02-23 10:58:54.043123
416acda4-bc8e-4eba-a195-26252e4e0717	1	2016-02-23 10:58:54.198035
416acda4-bc8e-4eba-a195-26252e4e0717	1	2016-02-23 10:58:54.334643
416acda4-bc8e-4eba-a195-26252e4e0717	1	2016-02-23 10:58:54.480505
416acda4-bc8e-4eba-a195-26252e4e0717	1	2016-02-23 10:58:54.640492
416acda4-bc8e-4eba-a195-26252e4e0717	1	2016-02-23 10:58:54.958986
416acda4-bc8e-4eba-a195-26252e4e0717	1	2016-02-23 10:58:55.24143
416acda4-bc8e-4eba-a195-26252e4e0717	1	2016-02-23 10:58:55.37735
84100461-2c09-4a22-a952-ba860e5b6314	1	2016-02-23 16:37:27.550245
87eef176-7df8-4035-88f7-a152d553887e	1	2016-02-23 22:01:33.546978
84100461-2c09-4a22-a952-ba860e5b6314	1	2016-02-24 11:04:02.98062
\.


--
-- PostgreSQL database dump complete
--

